<?xml version="1.0" encoding="UTF-8"?>
<l:dependencies xmlns:l='licenses' groupId='org.jenkins-ci.plugins' artifactId='ssh-credentials' version='1.16'><l:dependency name='SSH Credentials Plugin' groupId='org.jenkins-ci.plugins' artifactId='ssh-credentials' version='1.16' url='https://wiki.jenkins.io/display/JENKINS/SSH+Credentials+Plugin'><l:description>Allows storage of SSH credentials in Jenkins</l:description><l:license name='MIT License' url='https://opensource.org/licenses/MIT'/></l:dependency><l:dependency name='Multiline Secrets UI' groupId='io.jenkins.temp.jelly' artifactId='multiline-secrets-ui' version='1.0' url='https://github.com/jenkinsci/lib-multiline-secrets-ui'><l:description>Temporary packaging of the f:secretTextarea Jenkins UI component.</l:description><l:license name='MIT License' url='http://opensource.org/licenses/MIT'/></l:dependency></l:dependencies>