<?xml version="1.0" encoding="UTF-8"?>
<l:dependencies xmlns:l='licenses' groupId='org.jenkins-ci.plugins.pipeline-stage-view' artifactId='pipeline-stage-view' version='2.11'><l:dependency name='Pipeline: Stage View Plugin' groupId='org.jenkins-ci.plugins.pipeline-stage-view' artifactId='pipeline-stage-view' version='2.11' url='https://wiki.jenkins-ci.org/display/JENKINS/Pipeline+Stage+View+Plugin'><l:description>Provides a swimlane view of the different stages in a pipeline.</l:description></l:dependency><l:dependency name='SCM API Plugin' groupId='org.jenkins-ci.plugins' artifactId='scm-api' version='2.0.7' url='http://wiki.jenkins-ci.org/display/JENKINS/SCM+API+Plugin'><l:description>This plugin provides a new enhanced API for interacting with SCM systems.</l:description><l:license name='The MIT license' url='https://opensource.org/licenses/MIT'/></l:dependency><l:dependency name='Symbol annotation' groupId='org.jenkins-ci' artifactId='symbol-annotation' version='1.6' url=''><l:description>The Jenkins Plugins Parent POM Project</l:description><l:license name='MIT License' url='http://opensource.org/licenses/MIT'/></l:dependency><l:dependency name='Structs Plugin' groupId='org.jenkins-ci.plugins' artifactId='structs' version='1.6' url='https://wiki.jenkins-ci.org/display/JENKINS/Structs+plugin'><l:description>Library plugin for DSL plugins that need names for Jenkins objects.</l:description><l:license name='MIT License' url='http://opensource.org/licenses/MIT'/></l:dependency></l:dependencies>