<?xml version="1.0" encoding="UTF-8"?>
<l:dependencies xmlns:l='licenses' groupId='org.jenkins-ci.plugins.pipeline-stage-view' artifactId='pipeline-rest-api' version='2.11'><l:dependency name='Pipeline: REST API Plugin' groupId='org.jenkins-ci.plugins.pipeline-stage-view' artifactId='pipeline-rest-api' version='2.11' url='https://wiki.jenkins-ci.org/display/JENKINS/Pipeline+Stage+View+Plugin'><l:description>Provides a REST API to access pipeline and pipeline run data</l:description></l:dependency><l:dependency name='Script Security Plugin' groupId='org.jenkins-ci.plugins' artifactId='script-security' version='1.26' url='https://wiki.jenkins-ci.org/display/JENKINS/Script+Security+Plugin'><l:description>Allows Jenkins administrators to control what in-process scripts can be run by less-privileged users.</l:description><l:license name='MIT License' url='http://opensource.org/licenses/MIT'/></l:dependency><l:dependency name='Groovy Sandbox' groupId='org.kohsuke' artifactId='groovy-sandbox' version='1.10' url='http://kohsuke.org/groovy-sandbox/'><l:description>Executes untrusted Groovy script safely</l:description><l:license name='MIT license' url='http://www.opensource.org/licenses/mit-license.php'/></l:dependency><l:dependency name='Symbol annotation' groupId='org.jenkins-ci' artifactId='symbol-annotation' version='1.6' url=''><l:description>The Jenkins Plugins Parent POM Project</l:description><l:license name='MIT License' url='http://opensource.org/licenses/MIT'/></l:dependency><l:dependency name='Structs Plugin' groupId='org.jenkins-ci.plugins' artifactId='structs' version='1.6' url='https://wiki.jenkins-ci.org/display/JENKINS/Structs+plugin'><l:description>Library plugin for DSL plugins that need names for Jenkins objects.</l:description><l:license name='MIT License' url='http://opensource.org/licenses/MIT'/></l:dependency></l:dependencies>