<?xml version="1.0" encoding="UTF-8"?>
<l:dependencies xmlns:l='licenses' groupId='org.jenkins-ci.plugins' artifactId='structs' version='1.19'><l:dependency name='Structs Plugin' groupId='org.jenkins-ci.plugins' artifactId='structs' version='1.19' url='https://wiki.jenkins-ci.org/display/JENKINS/Structs+plugin'><l:description>Library plugin for DSL plugins that need names for Jenkins objects.</l:description><l:license name='MIT License' url='https://opensource.org/licenses/MIT'/></l:dependency><l:dependency name='Symbol annotation' groupId='org.jenkins-ci' artifactId='symbol-annotation' version='1.19' url=''><l:description>The Jenkins Plugins Parent POM Project</l:description><l:license name='MIT License' url='https://opensource.org/licenses/MIT'/></l:dependency></l:dependencies>